distance_range,avg_tip_percentage
0-2 miles,19.874368280949827
2-5 miles,16.602833341225708
5+ miles,12.588961523754124
